Адипиновая кислота, пищ;No-image.jpg;1;1;126/137,4;1;имп;1 кг/ 100 грамм;0;0;1;
Азур-1, чда;No-image.jpg;1;2;3600/3900;1;имп;1 кг/ 100 грамм;0;0;1;
Аланин (L) альфа, чда;No-image.jpg;1;3;786/797,4;1;имп;1 кг/ 100 грамм. Фасовка по 50 грамм.;0;0;1;
Ализариновый красный С(S) (индикатор), чда;No-image.jpg;1;4;546/557,4;1;Укр;1 кг/ 100 грамм;0;0;1;
Ализарин комплексон, чда;No-image.jpg;1;5;9300/9600;1;имп;1 кг/ 100 грамм;0;0;1;
Альбендазол, фарм;No-image.jpg;1;6;528;1;имп;Тарное место 25 кг. НЕ ФАСУЕТСЯ;0;0;1;
Алюминий азотнокислый 9-водный, ч;No-image.jpg;1;7;69/80,4;1;Укр;1 кг/ 100 грамм;0;0;1;
Алюминий сернокислый б/в, ч;No-image.jpg;1;8;5,2/27/38,4;1;Укр;50 кг/ 1 кг/ 100 грамм;0;0;1;
Алюминий хлористый безводный, чда;No-image.jpg;1;9;156/167,4;1;имп;Тарное место 50 кг. 1 кг/ 100 грамм;0;0;1;
Алюминон, чда;No-image.jpg;1;10;6906/6917,4;1;Укр;1 кг/ 100 грамм;0;0;1;
Аминоантипирин-4, ч;No-image.jpg;1;11;9906/9917,4;1;Укр;1 кг/ 100 грамм;0;0;1;
Аминоуксусная кислота (глицин), фарм;No-image.jpg;1;12;87/96/120;1;имп;25 кг/ 1 кг/ 100 грамм.;0;0;1;
Аммоний ванадиевокислый мета, чда;No-image.jpg;1;13;1040/1200;1;имп;1 кг/ 100 грамм;0;0;1;
Аммоний двухромовокислый, чда;No-image.jpg;1;14;360;1;имп;Цена за 1 кг. Фасовка 900 грамм. Банки. НЕ ФАСУЕТСЯ.;0;0;1;
Аммоний молибденовокислый, ч;No-image.jpg;1;15;742/780/870;1;имп;25 кг/ 1 кг/ 100 грамм;0;0;1;
Аммоний молибденовокислый, хч;No-image.jpg;1;16;870/990;1;имп;1 кг/ 100 грамм;0;0;1;
Аммоний надсернокислый (персульфат, пероксодисульфат), ч;No-image.jpg;1;17;45/57/90;1;имп;25 кг/ 1 кг/ 100 грамм;0;0;1;
Аммоний роданистый, ч ;No-image.jpg;1;18;51/60/78;1;имп;25 кг/ 1 кг/ 100 грамм;0;0;1;
Аммоний сернокислый, осч;No-image.jpg;1;19;54/65,4;1;Укр;1 кг/ 100 грамм;0;0;1;
Аммоний сернокислый (BASF);No-image.jpg;1;20;54/87;1;имп;1 кг/ 100 грамм;0;0;1;
Аммоний сернокислый, тех;No-image.jpg;1;21;9/20,4;1;имп;1 кг/ 100 грамм;0;0;1;
Аммоний углекислый, чда;No-image.jpg;1;22;54/87;1;имп;1 кг/ 100 грамм;0;0;1;
Аммоний углекислый кислый, пищ;No-image.jpg;1;23;18/29,4/60;1;Укр;25 кг/ 1 кг/ 100 грамм;0;0;1;
Аммоний уксуснокислый, ч (Китай);No-image.jpg;1;24;54/69/90;1;имп;25 кг/ 1 кг/ 100 грамм;0;0;1;
Аммоний фосфорнокислый 1-замещенный, ч;No-image.jpg;1;25;57/87/99;1;имп;25 кг/ 1 кг/ 100 грамм;0;0;1;
Аммоний фосфорнокислый 2-замещенный, ч;No-image.jpg;1;26;57/78/99;1;имп;Тарное место 8 кг/ 1 кг/ 100 грамм;0;0;1;
Аммоний хлористый, хч  ;No-image.jpg;1;27;204/249;1;имп;1 кг/ 100 грамм;0;0;1;
Аммоний хлористый (кристаллический ) ч, тех  ;No-image.jpg;1;28;12/18/60;1;имп;25 кг/ 1 кг/ 100 грамм;0;0;1;
Аммоний хромовокислый, чда;No-image.jpg;1;29;510/600;1;имп;1 кг/ 100 грамм;0;0;1;
Аммоний щавелевокислый, ч ;No-image.jpg;1;30;93/99/120;1;Укр;25 кг/ 1 кг/ 100 грамм;0;0;1;
Амоксицилина тригидрат;No-image.jpg;1;31;699;1;имп;Тарное место 25 кг. НЕ ФАСУЕТСЯ. Цена за кг;0;0;1;
Анилин солянокислый (гидрохлорид), чда;No-image.jpg;1;32;168/180;1;Укр;1 кг/ 100 грамм;0;0;1;
Анилин солянокислый (гидрохлорид), ч;No-image.jpg;1;33;276/287,4;1;Укр;1 кг/ 100 грамм;0;0;1;
Арабиноза (D), чда;No-image.jpg;1;34;3270/3900;1;имп;1 кг/ 100 грамм;0;0;1;
Аргинин (L), чда;No-image.jpg;1;35;1926/1937,4;1;имп;1 кг/ 100 грамм;0;0;1;
Аргинин гидрохлорид (L);No-image.jpg;1;36;876/887,4;1;имп;1 кг/ 100 грамм;0;0;1;
Арсеназо I, чда;No-image.jpg;1;37;1326/1337,4;1;имп;1 кг/ 100 грамм;0;0;1;
Аскорбиновая кислота, фарм;No-image.jpg;1;38;129/156/189;1;имп;25 кг/ 1 кг/ 100 грамм;0;0;1;
Аспарагин (L), чда;No-image.jpg;1;39;1206/1217,4;1;имп;1 кг/ 100 грамм;0;0;1;
Аспарагиновая кислота (D,L), фарм;No-image.jpg;1;40;324;1;имп;1 кг/ 100 грамм. Мин фас 100 грамм;0;0;1;
Барий азотнокислый, ч;No-image.jpg;1;41;210/270;1;Укр;1 кг/ 100 грамм;0;0;1;
Барий азотнокислый, хч;No-image.jpg;1;42;279;1;имп;Цена за 1 кг;0;0;1;
Барий сернокислый, ч;No-image.jpg;1;43;39/78/99;1;имп;25 кг/ 1 кг/ 100 грамм;0;0;1;
Барий уксуснокислый, чда;No-image.jpg;1;44;39/51/78;1;Укр;Тарное место/ 1 кг/ 100 грамм;0;0;1;
Барий хлористый (2-водн.), ч;No-image.jpg;1;45;318;1;имп;Цена за 1 кг. Фасовка 100 грамм.;0;0;1;
Бензалконий хлористый (tetranyl BC 50);No-image.jpg;1;46;90;1;имп;Фасовка 1 кг. НЕ ФАСУЕТСЯ;0;0;1;
Бензидин основание, чда;No-image.jpg;1;47;25206/25217,4;1;Укр;1 кг/ 100 грамм.;0;0;1;
Бензидин солянокислый, чда;No-image.jpg;1;48;24306/24317,4;1;Укр;1 кг/ 100 грамм;0;0;1;
Бензойная кислота, ч;No-image.jpg;1;49;90/99/120;1;Укр;25 кг/ 1 кг/ 100 грамм;0;0;1;
Бипиридил-2,2, ч;No-image.jpg;1;50;6186/6197,4;1;Укр;1 кг/ 100 грамм;0;0;1;
Борная кислота, чда;No-image.jpg;1;51;120/168;1;имп;1 кг/ 100 грамм;0;0;1;
Борная кислота, ч ;No-image.jpg;1;52;30,9/57/78;1;имп;25 кг/ 1 кг/ 100 грамм;0;0;1;
Бриллиантовый зеленый, чда;No-image.jpg;1;53;570/660/720;1;имп;25 кг/ 1 кг/ 100 грамм.;0;0;1;
Бромоформ, ч;No-image.jpg;1;54;297;1;имп;Цена за кг;0;0;1;
Бромкрезоловый зеленый (спирторастворимый), чда;No-image.jpg;1;55;10200/10500;1;имп;1 кг/ 100 грамм;0;0;1;
Бромкрезоловый пурпуровый (водорастворимый), чда;No-image.jpg;1;56;1206/1217,4;1;имп;1 кг/ 100 грамм;0;0;1;
Бромкрезоловый пурпуровый (спирторастворимый), чда;No-image.jpg;1;57;2100/2400;1;Укр;"1 кг/ 100 грамм. 80 фас по 0,05 кг; 24 фас по 0,025 кг";0;0;1
Бромтимоловый синий (водорастворимый), чда;No-image.jpg;1;58;6300/6900;1;имп;1 кг/ 100 грамм;0;0;1;
Бромтимоловый синий (спирторастворимый), чда;No-image.jpg;1;59;4206/4217,4;1;имп;1 кг/ 100 грамм;0;0;1;
Бромфеноловый красный (спирторастворимый), чда;No-image.jpg;1;60;1206/1217,4;1;имп;1 кг/ 100 грамм;0;0;1;
Бромфеноловый синий (водорастворимый), чда;No-image.jpg;1;61;3690/5100;1;имп;1 кг/ 100 грамм;0;0;1;
Бромфеноловый синий (спирторастворимый), чда;No-image.jpg;1;62;2100/2400;1;имп;1 кг/ 100 грамм;0;0;1;
Бутилгидрокситолуол (агидол-1, ионол, дибунол) ;No-image.jpg;1;63;162/176,4/204;1;имп;25 кг/ 1 кг/ 100 грамм;0;0;1;
Вазелин белый, фарм (импортный);No-image.jpg;1;64;117;1;имп;Цена за кг. По 1 кг;0;0;1;
Винная кислота (L), пищ;No-image.jpg;1;65;156/210;1;имп;1 кг/ 100 грамм;0;0;1;
Винная кислота (D,L), пищ;No-image.jpg;1;66;90/120;1;имп;1 кг/ 100 грамм;0;0;1;
Винноградная кислота 1-водная, ч;No-image.jpg;1;67;69/78/99;1;Укр;20 кг/ 1 кг/ 0,1 кг;0;0;1;
Висмут (III) азотнокислый 5-водный, ч;No-image.jpg;1;68;567/690;1;имп;1 кг/ 100 грамм;0;0;1;
Висмут (III) лимоннокислый, фарм;No-image.jpg;1;69;876/887,4;1;имп;1 кг/ 100 грамм;0;0;1;
Висмут металлический, ч;No-image.jpg;1;70;606/617,4;1;имп;1 кг/ 100 грамм;0;0;1;
Галловая кислота, фарм;No-image.jpg;1;71;1440/1800;1;имп;1 кг/ 100 грамм;0;0;1;
Гидразин сернокислый, чда;No-image.jpg;1;72;882/1158;1;имп;1 кг/ 100 грамм;0;0;1;
Гидразин сернокислый, ч;No-image.jpg;1;73;870/990;1;имп;1 кг/ 100 грамм. 30 бан по 200 грамм;0;0;1;
Гидразин солянокислый (гидрохлорид), чда;No-image.jpg;1;74;1209/1320;1;Укр;1 кг/ 100 грамм;0;0;1;
Гидроксиламин сернокислый, чда;No-image.jpg;1;75;198/210/270;1;имп;25 кг/ 1 кг/ 100 грамм;0;0;1;
Гидроксиламин солянокислый (гидрохлорид), чда;No-image.jpg;1;76;198/240/270;1;имп;25 кг/ 1 кг/ 100 грамм;0;0;1;
Гидрохинон высший сорт;No-image.jpg;1;77;270/300/330;1;имп;25 кг/ 1 кг/ 100 грамм;0;0;1;
Глутаминовая кислота (L), ч;No-image.jpg;1;78;147/168/180;1;имп;25 кг/ 1 кг/ 100 грамм;0;0;1;
Глюкоза моногидрат, пищ;No-image.jpg;1;79;24,72/45/78;1;имп;25 кг/ 1 кг/ 100 грамм;0;0;1;
Диметиламино-п-бензальдегид (реактив Эрлиха), чда;No-image.jpg;1;80;786/797,4;1;имп;1 кг/ 100 грамм;0;0;1;
Диметил(N,N-)-п-фенилендиамин дигидрохлорид, чда;No-image.jpg;1;81;12006/12017,4;1;имп;1 кг/ 100 грамм;0;0;1;
Диметилглиоксим, чда;No-image.jpg;1;82;858/888;1;имп;1 кг/ 100 грамм;0;0;1;
Дитизон, чда;No-image.jpg;1;83;3006/3017,4;1;Укр;1 кг/ 100 грамм. черного цвета;0;0;1;
Дифенилкарбазид, чда;No-image.jpg;1;84;3900/4200;1;Укр;1 кг/ 100 грамм;0;0;1;
Дифенилкарбазон, чда ;No-image.jpg;1;85;6000/6300;1;Укр;1 кг/ 100 грамм;0;0;1;
Доксициклина гидрохлорид;No-image.jpg;1;86;1320/1560;1;имп;25 кг/ 1 кг. Фасовка 1 кг. НЕ ФАСУЕТСЯ.;0;0;1;
Дульцит, чда;No-image.jpg;1;87;4206/4217,4;1;имп;1 кг/ 100 грамм;0;0;1;
Желатин пищ (импорт) bloom 150;No-image.jpg;1;88;168/137,4;1;имп;1 кг/ 100 грамм;0;0;1;
Желатин пищ (импорт) bloom 200;No-image.jpg;1;89;330/369;1;имп;1 кг/ 100 грамм;0;0;1;
Железо (II) сернокислое 7-водное, чда;No-image.jpg;1;90;39/48/66;1;имп;25 кг/ 1 кг/ 100 грамм;0;0;1;
Железо (II) сернокислое 7-водное, ч;No-image.jpg;1;91;18/27/60;1;имп;25 кг/ 1 кг/ 100 грамм;0;0;1;
Железо (II) сернокислое (железный купорос), тех;No-image.jpg;1;92;10,8/22,2;1;Укр;1 кг/ 100 грамм;0;0;1;
Железо (III) сернокислое 7-водное, ч  ;No-image.jpg;1;93;99/120/138;1;имп;Гранулы. 1 кг/ 100 грамм;0;0;1;
Железо (III) хлорное 6-водное, ч;No-image.jpg;1;94;51/87/99;1;имп;40 кг/ 1 кг/ 100 грамм;0;0;1;
Известь натронная, чда;No-image.jpg;1;95;216/227,4;1;имп;1 кг/ 100 грамм;0;0;1;
Известь хлорная;No-image.jpg;1;96;30;1;имп; Тарное место 20 кг;0;0;1;
Индигокармин, чда;No-image.jpg;1;97;1050/1200;1;имп;1 кг/ 100 грамм;0;0;1;
Инозит (инозитол, мезоинозит, витамин В8), ч;No-image.jpg;1;98;906/917,4;1;имп;Тарное место 25 кг. 1 кг/ 100 грамм;0;0;1;
Йод кристаллический, чда;No-image.jpg;1;99;1050/1200;1;имп;1 кг/ 100 грамм;0;0;1;
Йодоформ, ч;No-image.jpg;1;100;2700;1;Укр;Фасовка 1 кг. НЕ ФАСУЕТСЯ!!!;0;0;1;
Кадмий сернокислый 8-водный, чда;No-image.jpg;1;101;129/135/146,4;1;имп;25 кг/ 1 кг/ 100 грамм;0;0;1;
Кадмий хлористый 2,5-водный, чда;No-image.jpg;1;102;504/600/900;1;имп;1 кг/ 100 грамм;0;0;1;
Казеин;No-image.jpg;1;103;93/104,4;1;Укр;1 кг/ 100 грамм;0;0;1;
Калий азотнокислый, чда;No-image.jpg;1;104;126/156/280,2;1;Укр; 25 кг/ 1 кг/ 100 грамм;0;0;1;
Калий азотнокислый, ч;No-image.jpg;1;105;90/120/150;1;имп; 25 кг/ 1 кг/ 100 грамм.;0;0;1;
Калий бромистый, чда;No-image.jpg;1;106;192/203,4;1;Укр; 1 кг/ 100 грамм;0;0;1;
Калий бромистый, ч;No-image.jpg;1;107;180/222;1;имп;1 кг/ 100 грамм;0;0;1;
Калий гидроокись, чда (Чехия);No-image.jpg;1;108;162/174/198;1;имп;25 кг/ 1 кг/ 100 грамм;0;0;1;
Калий гидроокись, тех (Корея) ;No-image.jpg;1;109;42/87/99;1;имп;25 кг/ 1 кг/ 100 грамм;0;0;1;
Калий гидроокись, тех (Франция) ;No-image.jpg;1;110;42/87/99;1;имп;25 кг/ 1 кг/ 100 грамм;0;0;1;
Калий железистосинеродистый (II) (желтая кр.соль), хч;No-image.jpg;1;111;222/300;1;имп;1 кг/ 100 грамм;0;0;1;
Калий железистосинеродистый (II) (желтая кр.соль), ч;No-image.jpg;1;112;129/150/168;1;имп;25 кг/ 1 кг/ 100 грамм;0;0;1;
Калий двухромовокислый, хч;No-image.jpg;1;113;870/960;1;имп;1 кг/ 100 грамм;0;0;1;
Калий железосинеродистый (III) (красная кр.соль), ч;No-image.jpg;1;114;192/210;1;Укр;Цена за кг. 1 кг/ 100 грамм;0;0;1;
Калий йодистый, фарм   ;No-image.jpg;1;115;804/930/1200;1;имп;25 кг/ 1 кг/ 100 грамм.;0;0;1;
Калий йодноватокислый, ч;No-image.jpg;1;116;1206/1217,4;1;имп;1 кг/ 100 грамм;0;0;1;
Калий надсернокислый (пероксодисульфат), 105091, Мерк;No-image.jpg;1;117;306/317,4;1;имп;Цена за кг. 1 кг/ 100 грамм;0;0;1;
Калий надсернокислый, чда;No-image.jpg;1;118;54/87/99;1;Укр;Тарное место/ 1 кг/ 100 грамм;0;0;1;
Калий натрий виннокислый (сегнетова соль), хч;No-image.jpg;1;119;90/132;1;имп;1 кг/ 100 грамм;0;0;1;
Калий натрий виннокислый (сегнетова соль), чда (Китай);No-image.jpg;1;120;84/93/120;1;имп;25 кг/ 1 кг/ 100 грамм;0;0;1;
Калий натрий углекислый, чда ;No-image.jpg;1;121;48/58/90;1;Укр;25 кг/ 1 кг/ 100 грамм;0;0;1;
Калий роданистый, ч (Китай);No-image.jpg;1;122;120/150/180;1;имп;25 кг/ 1 кг/ 100 грамм;0;0;1;
Калий сернокислый, хч ;No-image.jpg;1;123;270/369;1;имп;1 кг/ 100 грамм;0;0;1;
Калий сернокислый, чда;No-image.jpg;1;124;174/186/240;1;Укр;25 кг/ 1 кг/ 100 грамм;0;0;1;
Калий сернокислый, ч;No-image.jpg;1;125;45/54/78;1;имп;1 кг/ 100 грамм;0;0;1;
Калий сурьмяновиннокислый (калий-сурьма оксид тартрат), ч;No-image.jpg;1;126;480/510;1;имп;1 кг/ 100 грамм;0;0;1;
Калий углекислый, ч;No-image.jpg;1;127;210/240;1;имп;1 кг/ 100 грамм;0;0;1;
Калий фосфорнокислый 1-зам (дигидрофосфат) б/в, тех;No-image.jpg;1;128;57/78/99;1;имп;25 кг/ 1 кг/ 100 грамм;0;0;1;
Калий фосфорнокислый 2-замещенный (гидрофосфат) б/в, ч Бельгия;No-image.jpg;1;129;87,9/96/132;1;имп;25 кг/ 1 кг/ 100 грамм;0;0;1;
Калий фосфорнокислый пиро 4-зам, ч;No-image.jpg;1;130;99/108/126;1;имп;25 кг/ 1 кг/ 100 грамм;0;0;1;
Калий фталевокислый кислый, чда;No-image.jpg;1;131;390/450;1;имп;1 кг/ 100 грамм;0;0;1;
Калий хлористый, хч;No-image.jpg;1;132;63/69/99;1;имп;25 кг/ 1 кг/ 100 грамм;0;0;1;
Калий хромовокислый, чда;No-image.jpg;1;133;264/270/300;1;имп;25 кг/ 1 кг/ 100 грамм;0;0;1;
Калий щавелевокислый 1-вод, ч;No-image.jpg;1;134;57/68,4;1;"имп;Укр";1 кг/ 100 грамм;0;0;1
Кальций азотнокислый 4-водный, тех;No-image.jpg;1;135;13,2/21/45;1;имп;25 кг/ 1 кг/ 100 грамм;0;0;1;
Кальций гидроокись, ч;No-image.jpg;1;136;9,9/18/45;1;имп;25 кг/ 1 кг/ 100 грамм;0;0;1;
Кальций лимоннокислый 4-водный, чда;No-image.jpg;1;137;54/65,4;1;Укр;1 кг/ 100 грамм;0;0;1;
Кальций окись, ч;No-image.jpg;1;138;48/87;1;имп;1 кг/ 100 грамм;0;0;1;
Кальций сернокислый 2-водный, ч;No-image.jpg;1;139;21/30/60;1;имп;20 кг/ 1 кг/ 100 грамм;0;0;1;
Кальций стеариновокислый;No-image.jpg;1;140;78/89,4;1;имп;1 кг/ 100 грамм;0;0;1;
Кальций углекислый, чда;No-image.jpg;1;141;27/36/87;1;имп;25 кг/ 1 кг/ 100 грамм;0;0;1;
Кальций хлористый (б/в), пищ (гранулы);No-image.jpg;1;142;21/48/99;1;имп;25 кг/ 1 кг/ 100 грамм;0;0;1;
Кальций хлористый 6-водный, фарм;No-image.jpg;1;143;57/87/99;1;имп;Кристаллы белого цвета  (водянистые). 25 кг/ 1 кг/ 100 грамм;0;0;1;
Кандурин (Candurin), натуральный пигмент коричневый, пищ, 120617, Мерк  0,025 кг;No-image.jpg;1;144;2100;1;имп;Фасовка 0,025 кг. Не фасуется. Цена за кг;0;0;1;
Карбюризатор;No-image.jpg;1;145;45;1;Укр;Цена за кг. Фасовка 15кг;0;0;1;
Катионит КУ-2-8;No-image.jpg;1;146;39/77,4;1;имп;1 кг/ 100 грамм;0;0;1;
Квасцы алюмокалиевые, ч (Китай);No-image.jpg;1;147;14,7/18/60;1;имп;50 кг/ 1 кг/ 100 грамм;0;0;1;
Квасцы железоаммонийные, чда;No-image.jpg;1;148;147/189;1;Укр;1 кг/ 100 грамм;0;0;1;
Квасцы хромокалиевые, ч;No-image.jpg;1;149;147/180;1;имп;1 кг/ 100 грамм;0;0;1;
Квасцы хромокалиевые, тех;No-image.jpg;1;150;93/129/150;1;имп;25 кг/ 1 кг/ 100 грамм;0;0;1;
Кверцетин, 152003, Merck;No-image.jpg;1;151;9000;1;имп;Цена за кг. Фасовка 10 грамм;0;0;1;
Кобальт (II) азотнокислый 6-вод, чда;No-image.jpg;1;152;396/420/600;1;имп;25 кг/ 1 кг/ 100 грамм;0;0;1;
Кобальт (II,III) окись, ч;No-image.jpg;1;153;666/677,4;1;Укр;1 кг/ 100 грамм;0;0;1;
Кобальт (II) сернокислый 7-водный, ч (Co: 20 % min);No-image.jpg;1;154;390/420/450;1;имп;Тарное место 20 кг/ 1 кг/ 100 грамм;0;0;1;
Кобальт хлористый 6-водный, чда ;No-image.jpg;1;155;480/540/780;1;имп;25 кг/ 1 кг/ 100 грамм;0;0;1;
Конго красный,чда;No-image.jpg;1;156;450/510;1;имп;1 кг/ 100 грамм;0;0;1;
Крахмал водорастворимый, чда;No-image.jpg;1;157;288/330;1;Укр;1 кг/ 100 грамм;0;0;1;
Кремневольфрамовая кислота, чда;No-image.jpg;1;158;546/557,4;1;Укр;1 кг/ 100 грамм;0;0;1;
Кристалический фиолетовый (генцан виолет), чда;No-image.jpg;1;159;480/510/690;1;имп;25 кг/ 1 кг/ 100 грамм;0;0;1;
Ксиленоловый оранжевый, чда;No-image.jpg;1;160;3900/4200;1;имп;1 кг/ 100 грамм;0;0;1;
Ксилоза (D), чда;No-image.jpg;1;161;786/797,4;1;имп;1 кг/ 100 грамм;0;0;1;
Диметилбензол-пара лабораторный, ч (пара-ксилол);No-image.jpg;1;162;;1;имп;Бутыль по 17 кг.  ПРОДАЕМ ТОЛЬКО КАК ДИМЕТИЛБЕНЗОЛ-ПАРА ЛАБОРАТОРНЫЙ;0;0;1;
Купферон (N-нитрозо-N-фенилгидроксиламин аммонийная соль), чда;No-image.jpg;1;163;2886/2897,4;1;имп;1 кг/ 100 грамм;0;0;1;
Лактоза, пищ;No-image.jpg;1;164;42/69/87;1;имп;25 кг/ 1 кг/ 100 грамм;0;0;1;
Лантан азотнокислый 6-водный, чда;No-image.jpg;1;165;1506/1517,4;1;имп;1 кг/ 100 грамм;0;0;1;
Левомицетин, фарм;No-image.jpg;1;166;2100;1;имп;Цена за кг. Фасовка 1 кг. НЕ ФАСУЕТСЯ;0;0;1;
Легкосмываемый красный;No-image.jpg;1;167;5100;1;имп;Фасовка по 0,005 кг. Не фасуется;0;0;1;
Лизин гидрохлорид (L), чда;No-image.jpg;1;168;189/270;1;имп;1 кг/ 100 грамм;0;0;1;
Лейцин, ч (L);No-image.jpg;1;169;570/726/900;1;имп;25 кг/ 1 кг/ 100 грамм;0;0;1;
Лимонная кислота б/в, фарм;No-image.jpg;1;170;33/78/99;1;имп;25 кг/ 1 кг/ 100 грамм;0;0;1;
Лимонная кислота моногидрат, пищ ;No-image.jpg;1;171;29,7/66/99;1;имп;25 кг/ 1 кг/ 100 грамм.;0;0;1;
Литий гидроокись, хч;No-image.jpg;1;172;1200;1;имн;Цена за 1 кг.;0;0;1;
Магний азотнокислый 6-вод, ч;No-image.jpg;1;173;30/41,4;1;имп;1 кг/ 100 грамм. Тарное место 25 кг;0;0;1;
Магний гидроксид карбонат (heavy), фарм, 105829.9040, Мерк;No-image.jpg;1;174;168/180/210;1;имп;Тарное место 40 кг/ 1 кг/ 100 грамм;0;0;1;
Магний окись, чда;No-image.jpg;1;175;168/210;1;имп;1 кг/ 100 грамм;0;0;1;
Магний окись, тех;No-image.jpg;1;176;66/99/120;1;имп;Тарное место 10 кг/ 1 кг/ 100 грамм;0;0;1;
Магний сернокислый 7-водный, чда;No-image.jpg;1;177;45/75;1;имп;1 кг/ 100 грамм;0;0;1;
Магний углекислый основной, фарм;No-image.jpg;1;178;138/168/180;1;имп;25 кг/ 1 кг/ 100 грамм;0;0;1;
Магний хлористый 6-водный, ч (Германия);No-image.jpg;1;179;45;1;имп;Цена за 1 кг.;0;0;1;
Магний хлорнокислый (ангидрон), ч;No-image.jpg;1;180;2106/2117,4;1;Укр;1 кг/ 100 грамм;0;0;1;
Малахитовый зеленый, чда;No-image.jpg;1;181;570/690/900;1;имп;25 кг/ 1 кг/ 100 грамм.;0;0;1;
Мальтоза (D-(+)Мальтобиоза\Сахар солодовый), чда;No-image.jpg;1;182;1806/1817,4;1;имп;1 кг/ 100 грамм;0;0;1;
Маннит (маннитол), фарм (Китай);No-image.jpg;1;183;150/198;1;имп;1 кг/ 100 грамм;0;0;1;
Манноза, чда;No-image.jpg;1;184;5106/5117,4;1;имп;1 кг/ 100 грамм;0;0;1;
Марганец сернокислый 1-водный, ч;No-image.jpg;1;185;68/120;1;имп;1 кг/ 100 грамм.;0;0;1;
Марганец хлористый 4-водный, ч;No-image.jpg;1;186;99/120/147;1;имп;25 кг/ 1 кг/ 100 грамм;0;0;1;
Медь (II) окись (порошок), чда  ;No-image.jpg;1;187;900;1;имп;Фасовка 100 грамм! Цена за 1 кг;0;0;1;
Медь (II) окись (проволока), чда;No-image.jpg;1;188;876/887,4;1;имп;1 кг/ 100 грамм;0;0;1;
Медь сернокислая 5-водная, ч ;No-image.jpg;1;189;60/78/90;1;Укр;25 кг/ 1 кг/ 100 грамм;0;0;1;
Медь уксуснокислая 1-водная, ч;No-image.jpg;1;190;486/497,4;1;имп;1 кг/ 100 грамм;0;0;1;
Метиламина гидрохлорид, ч;No-image.jpg;1;191;690/780;1;имп;1 кг/ 100 грамм;0;0;1;
Метиленовый голубой, чда (спирторастворимый);No-image.jpg;1;192;750/780/840;1;имп;25 кг/ 1 кг/ 100 грамм;0;0;1;
Метиловый красный (водорастворимый), чда;No-image.jpg;1;193;780/890;1;Укр;"Фасовка по 0,075 кг; 0,5 кг. 1 кг/ 100 грамм";0;0;1
Метиловый красный (спирторастворимый), чда;No-image.jpg;1;194;680/840;1;"имп;Укр";1 кг/ 100 грамм;0;0;1
Метиловый оранжевый, чда;No-image.jpg;1;195;900/1200;1;"имп;Укр";1 кг/ 100 грамм;0;0;1
Метиловый фиолетовый, чда;No-image.jpg;1;196;390/450;1;имп;25 кг/ 1 кг;0;0;1;
Метилпарабен (нипагин), фарм;No-image.jpg;1;197;276/287,4;1;имп;1 кг/ 100 грамм;0;0;1;
Метилсалицилат (метиловый эфир салициловой кислоты);No-image.jpg;1;198;186/197,4;1;имп;1 кг/ 100 грамм;0;0;1;
Метилфенидон (4-Метил-1-фенил-пиразалидон-3), ч;No-image.jpg;1;199;486/497,4;1;Укр;1 кг/ 100 грамм;0;0;1;
Метронидазол, фарм;No-image.jpg;1;200;342;1;имп;Тарное место 25 кг. НЕ ФАСУЕТСЯ. Цена за кг;0;0;1;
Молибденовая кислота, чда;No-image.jpg;1;201;900/990;1;;1 кг/ 100 грамм;0;0;1;
Мочевина, чда;No-image.jpg;1;202;93/99/120;1;Укр;15 кг/ 1 кг/ 100 грамм;0;0;1;
Муравьиная кислота 85%, ч;No-image.jpg;1;203;63;1;имп;Фасовка по 1,2 кг. В КАНИСТРЫ СЛИВАТЬ НЕ БУДЕМ!;0;0;1;
Мурексид, чда;No-image.jpg;1;204;5706/5717,4;1;имп;1 кг/ 100 грамм;0;0;1;
Натрий азид Extra pure (106688);No-image.jpg;1;205;3906/3917,4;1;имп;1 кг/ 100 грамм;0;0;1;
Натрий азотнокислый, чда;No-image.jpg;1;206;120/132/180;1;Укр;25 кг/ 1 кг/ 100 грамм;0;0;1;
Натрий-аммоний фосфорнокислый 2-зам (гидроортофосфат) 4-вод, чда ;No-image.jpg;1;207;126/137,4;1;Укр;1 кг/ 100 грамм;0;0;1;
Натрий бензойнокислый, пищ;No-image.jpg;1;208;60/78/99;1;имп;25 кг/ 1 кг/ 100 грамм.;0;0;1;
Натрий бромистый, чда;No-image.jpg;1;209;192/198/222;1;Укр;25 кг/ 1 кг/ 100 грамм;0;0;1;
Натрий виннокислый 2-водный, чда;No-image.jpg;1;210;147/180;1;имп;1 кг/ 100 грамм;0;0;1;
Натрий гексаметафосфат, тех;No-image.jpg;1;211;84/95,4;1;имп;1 кг/ 100 грамм;0;0;1;
Натрий гидроокись мелкогранулированная, хч (Испания);No-image.jpg;1;212;33/60/90;1;имп;25 кг/ 1 кг/ 100 грамм;0;0;1;
Натрий глютаминат (глютамат), пищ (Hebei Meihua);No-image.jpg;1;213;63/66/78;1;имп;25 кг/ 1 кг/ 100 грамм;0;0;1;
Натрий двухромовокислый 2-водный, чда;No-image.jpg;1;214;168/198;1;имп;1 кг/ 100 грамм;0;0;1;
Натрий двухромовокислый, ч;No-image.jpg;1;215;126/137,4;1;имп;1 кг/ 100 грамм;0;0;1;
Натрий дитионит (гидросульфит), тех;No-image.jpg;1;216;69/99;1;имп;1 кг/ 100 грамм;0;0;1;
Натрий диэтилдитиокарбамат, чда;No-image.jpg;1;217;2400/2790;1;Укр; 1 кг/ 100 грамм;0;0;1;
Натрий додецилсульфат (лаурилсульфат) соль Ph Eur, фарм,  817034, Merck;No-image.jpg;1;218;906/917,4;1;имп;Цена за кг. 1 кг/ 100 грамм;0;0;1;
Натрий додецилсульфат (лаурилсульфат), чда ;No-image.jpg;1;219;183/204/240;1;имп;20 кг/ 1 кг/ 100 грамм;0;0;1;
Натрий изоаскорбинат;No-image.jpg;1;220;132/143,4;1;имп; 1 кг/ 100 грамм;0;0;1;
Натрий кремнекислый 5-водный (силикат), ч;No-image.jpg;1;221;33/69/90;1;имп;25 кг/ 1 кг/ 100 грамм;0;0;1;
Натрий лимоннокислый 3 зам. 2-водный, чда;No-image.jpg;1;222;33/51/78;1;имп;25 кг/ 1 кг/ 100 грамм;0;0;1;
Натрий молибденовокислый 2-водный, чда;No-image.jpg;1;223;546/557,4;1;имп;1 кг/ 100 грамм;0;0;1;
Натрий надсернокислый (персульфат,пероксодисульфат), чда;No-image.jpg;1;224;69/78;1;Укр;1 кг/ 100 грамм;0;0;1;
Натрий надсернокислый (персульфат,пероксодисульфат), ч;No-image.jpg;1;225;66/75;1;Укр;1 кг/ 100 грамм;0;0;1;
Натрий нитропруссид 2-водный, чда;No-image.jpg;1;226;1326/1337,4;1;имп;29 баночек по 10 грамм. 1 кг/ 100 грамм;0;0;1;
Натрий роданистый, чда;No-image.jpg;1;227;60/71,4;1;Укр;1 кг/ 100 грамм;0;0;1;
Натрий салициловокислый, фарм;No-image.jpg;1;228;120/168/198;1;имп;1 кг/ 100 грамм;0;0;1;
Натрий селенистокислый, ч;No-image.jpg;1;229;1206/1217,4;1;имп;1 кг/ 100 грамм;0;0;1;
Натрий сернистокислый б/в (сульфит), чда;No-image.jpg;1;230;69/87/99;1;имп;25 кг/ 1 кг/ 100 грамм;0;0;1;
Натрий сернистокислый б/в (сульфит), ч ;No-image.jpg;1;231;30/36/60;1;имп;25 кг/ 1 кг/ 100 грамм;0;0;1;
Натрий сернистокислый пиро (метабисульфит, дисульфит), пищ;No-image.jpg;1;232;25,2/57/87;1;имп;25 кг/ 1 кг/ 100 грамм;0;0;1;
Натрий сернистый 9-водный, тех;No-image.jpg;1;233;45/69/99;1;имп;25 кг/ 1 кг/ 100 грамм;0;0;1;
Натрий серноватистокислый (тиосульфат) 5-водный, тех;No-image.jpg;1;234;21/30/60;1;имп;25 кг/ 1 кг/ 100 грамм;0;0;1;
Натрий сернокислый (б/в), ч ;No-image.jpg;1;235;18/27/69;1;имп;25 кг/ 1 кг/ 100 грамм;0;0;1;
Натрий сернокислый кислый, ч (Grillo-Werke);No-image.jpg;1;236;36/45/78;1;имп;25 кг/ 1 кг/ 100 грамм.;0;0;1;
Натрий стеариновокислый, ч;No-image.jpg;1;237;42/53,4;1;Укр;1 кг/ 100 грамм;0;0;1;
Натрий тетраборнокислый (бура)  5-водн, ч;No-image.jpg;1;238;29,7/36/78;1;имп;25 кг/ 1 кг/ 100 грамм;0;0;1;
Натрий тетраборнокислый (бура) 10-водн, ч;No-image.jpg;1;239;33/45/78;1;имп;25 кг/ 1 кг/ 100 грамм;0;0;1;
Натрий тиогликолевокислый, чда;No-image.jpg;1;240;3300/3900;1;имп;1 кг/ 100 грамм;0;0;1;
Натрий триполифосфат, пищ ;No-image.jpg;1;241;51/66/90;1;имп;25 кг/ 1 кг/ 100 грамм;0;0;1;
Натрий углекислый кислый, хч;No-image.jpg;1;242;21/39/78;1;имп;25 кг/ 1 кг/ 100 грамм;0;0;1;
Натрий углекислый (б/в), хч;No-image.jpg;1;243;162/189/222;1;имп;35 кг/ 1 кг/ 100 грамм;0;0;1;
Натрий уксуснокислый 3-водный, ч;No-image.jpg;1;244;51/66/99;1;имп;25 кг/ 1 кг/ 100 грамм;0;0;1;
Натрий уксуснокислый 3-водный, тех;No-image.jpg;1;245;39/69/90;1;имп;25 кг/ 1 кг/ 100 грамм;0;0;1;
Натрий фосфорнокислый 1-замещенный (дигидрофосфат) (б/в), ч;No-image.jpg;1;246;78/87/99;1;имп;25 кг/ 1 кг/ 100 грамм;0;0;1;
Натрий фосфорнокислый 2-зам (гидрофосфат) б/в, ч ;No-image.jpg;1;247;93/99/120;1;имп;25 кг/ 1 кг/ 100 грамм;0;0;1;
Натрий фосфорнокислый 2-замещенный 12-вод ЭЧ, фарм. (106573), Мерк;No-image.jpg;1;248;186/197,4;1;имп;Цена за кг. 1 кг/ 100 грамм;0;0;1;
Натрий фосфорнокислый 2-зам (гидрофосфат) 12-вод, пищ;No-image.jpg;1;249;45/69/87;1;имп;25 кг/ 1 кг/ 100 грамм;0;0;1;
Натрий фосфорнокислый 3-замещенный б/в, пищ;No-image.jpg;1;250;75/84/99;1;имп;25 кг/ 1 кг/ 100 грамм;0;0;1;
Натрий хлористый, чда;No-image.jpg;1;251;9/15/45;1;имп;25 кг/ 1 кг/ 100 грамм;0;0;1;
Натрий щавелевокислый, чда;No-image.jpg;1;252;75/90;1;Укр;1 кг/ 100 грамм;0;0;1;
Нафтиламин-1, чда;No-image.jpg;1;253;396/407,4;1;имп;1 кг/ 100 грамм;0;0;1;
Нафтол-1, чда;No-image.jpg;1;254;780/879;1;Укр;1 кг/ 100 грамм;0;0;1;
Нафтол-2, чда;No-image.jpg;1;255;499,2/510,6;1;имп;1 кг/ 100 грамм;0;0;1;
Нейтральный красный, чда;No-image.jpg;1;256;2706/2717,4;1;имп;1 кг/ 100 грамм;0;0;1;
Нефрас для лабораторных работ, ч (гексан);No-image.jpg;1;257;39,9;1;имп;Бочка 140 кг. ПРОДАЕМ ТОЛЬКО КАК НЕФРАС;0;0;1;
Нигрозин (водорастворимый), чда;No-image.jpg;1;258;360/390;1;имп;1 кг/ 100 грамм. Фасовка 10 грамм;0;0;1;
Нигрозин (спирторастворимый), чда;No-image.jpg;1;259;360/390;1;имп;1 кг/ 100 грамм. Фасовка 10 грамм;0;0;1;
Никель сернокислый, ч;No-image.jpg;1;260;177/210/240;1;имп;Тарное место 20 кг/ 1 кг/ 100 грамм;0;0;1;
Нингидрин, чда;No-image.jpg;1;261;7806/7817,4;1;имп;1 кг/ 100 грамм;0;0;1;
Нитразиновый желтый, чда;No-image.jpg;1;262;16806/16817,4;1;имп;1 кг/ 100 грамм;0;0;1;
Нитроанилин-пара, ч;No-image.jpg;1;263;1326/1337,4;1;имп;1 кг/ 100 грамм;0;0;1;
Окситетрациклин гидрохлорид, фарм;No-image.jpg;1;264;393;1;имп;Тарное место 25 кг.Цена за кг;0;0;1;
Олаквиндокс;No-image.jpg;1;265;192;1;имп;Тарное место 25 кг. НЕ ФАСУЕТСЯ. Цена за кг;0;0;1;
Олово гранулированное, ч;No-image.jpg;1;266;1800/2100;1;имп;1 кг/ 100 грамм;0;0;1;
Олово (II) сернокислое, ч;No-image.jpg;1;267;597/630/780;1;имп;25 кг/ 1 кг/ 100 грамм;0;0;1;
Олово (II) хлористое 2-водное, ч ;No-image.jpg;1;268;645/660/720;1;имп;25 кг/ 1 кг/ 100 грамм.;0;0;1;
Орнитин моно гидрохлорид L, чда;No-image.jpg;1;269;1206/1217,4;1;имп;1 кг/ 100 грамм;0;0;1;
Парафин лабораторный;No-image.jpg;1;270;75/90;1;имп;25 кг/ 5 кг. Пластины. Фасуется только по 5 кг!!!;0;0;1;
Параформ (параформальдегид), тех;No-image.jpg;1;271;32,79/69/87;1;имп;25 кг/ 1 кг/ 100 грамм;0;0;1;
Пикриновая кислота, ч;No-image.jpg;1;272;1290/1479;1;Укр;1 кг/ 100 грамм;0;0;1;
Пирогаллол А, чда;No-image.jpg;1;273;3300/3600;1;Укр;1 кг/ 100 грамм;0;0;1;
Пирокатехин 98%;No-image.jpg;1;274;540/750;1;имп;1 кг/ 100 грамм;0;0;1;
Поливиниловый спирт 17-99;No-image.jpg;1;275;96/120/150;1;имп;25 кг/ 1 кг/ 100 грамм;0;0;1;
Полистирол УПМ 825;No-image.jpg;1;276;126/137,4;1;имп;1 кг/ 100 грамм;0;0;1;
Пропиленгликоль-1,2, ч;No-image.jpg;1;277;90;1;имп;Фасовка 1 кг. Цена за кг;0;0;1;
Пропилпарабен (нипазол), фарм;No-image.jpg;1;278;300/390;1;имп;1 кг/ 100 грамм;0;0;1;
Резазуринат натрия, ч;No-image.jpg;1;279;6006/6017,4;1;имп;1 кг/ 100 грамм;0;0;1;
Резорцин, чда;No-image.jpg;1;280;198/210;1;имп;1 кг/ 100 грамм;0;0;1;
Риботайд (инозинат+гуанилат натрия);No-image.jpg;1;281;396/407,4;1;имп;1 кг/ 100 грамм;0;0;1;
Родамин Ж, чда;No-image.jpg;1;282;1269/1500;1;имп;1 кг/ 100 грамм;0;0;1;
Родамин С (В), чда;No-image.jpg;1;283;990/1200;1;имп;1 кг/ 100 грамм;0;0;1;
Ртуть (I) азотнокислая 2-водная, хч;No-image.jpg;1;284;3606/3617,4;1;имп;1 кг/ 100 грамм;0;0;1;
Ртуть (II) окись желтая, чда;No-image.jpg;1;285;6906/6917,4;1;Укр;1 кг/ 100 грамм;0;0;1;
Салициловая кислота, фарм;No-image.jpg;1;286;123/147/168;1;имп;25 кг/ 1 кг/ 100 грамм;0;0;1;
Сафранин Т, чда;No-image.jpg;1;287;7200;1;имп;Цена за 1 кг. Фасовка по 25 грамм;0;0;1;
Сахароза, чда;No-image.jpg;1;288;45/66/84;1;имп;Тарное место 20 кг/ 1 кг/ 100 грамм;0;0;1;
Свинец азотнокислый, ч;No-image.jpg;1;289;126/168;1;имп;1 кг/ 100 грамм;0;0;1;
Свинец гранулированный, ч;No-image.jpg;1;290;402/420/480;1;имп;25 кг/ 1 кг/ 100 грамм;0;0;1;
Свинец (II) окись, ч;No-image.jpg;1;291;126/147/168;1;имп;25 кг/ 1 кг/ 100 грамм;0;0;1;
Свинец (II,lV) окись (сурик), ч;No-image.jpg;1;292;145,2/168;1;"имп;Укр"; 1 кг/ 100 грамм;0;0;1
Свинец уксуснокислый 3-водный, чда;No-image.jpg;1;293;270/294/330;1;Укр;40 кг/ 1 кг/ 100 грамм;0;0;1;
Селен элементарный, чда;No-image.jpg;1;294;3346,2/3375;1;имп;1 кг/ 100 грамм. Порошок;0;0;1;
Сера осажденная;No-image.jpg;1;295;29,7/48/87;1;Укр;30 кг/ 1 кг/ 100 грамм;0;0;1;
Силикагель КСКГ;No-image.jpg;1;296;48/87/99;1;имп;20 кг/ 1 кг/ 100 грамм;0;0;1;
Силикагель КСМГ;No-image.jpg;1;297;36/57/87;1;имп;25 кг/ 1 кг/ 100 грамм;0;0;1;
Смесь Эшко;No-image.jpg;1;298;150/168;1;Укр;1 кг/ 100 грамм;0;0;1;
Сода кальцинированная, тех;No-image.jpg;1;299;12/15/60;1;имн;50 кг/ 1 кг/ 100 грамм;0;0;1;
Соль Мора, чда;No-image.jpg;1;300;222;1;Укр;Цена за 1 кг.;0;0;1;
Сорбит (гранулы), пищ;No-image.jpg;1;301;66/77,4;1;имп;1 кг/ 100 грамм;0;0;1;
Спирт стеариловый;No-image.jpg;1;302;75/87/99;1;имп;Тарное место 20 кг/ 1 кг/ 100 грамм;0;0;1;
Сплав Деварда, чда;No-image.jpg;1;303;126/137,4;1;Укр;1 кг/ 100 грамм;0;0;1;
Стрептоцид (сульфаниламид), фарм;No-image.jpg;1;304;366/377,4;1;имп;1 кг/ 100 грамм;0;0;1;
Стронций азотнокислый, чда;No-image.jpg;1;305;360;1;имп;Цена за 1 кг;0;0;1;
Судан I, чда;No-image.jpg;1;306;486/497,4;1;"имп;Укр";1 кг/ 100 грамм;0;0;1
Судан III, чда;No-image.jpg;1;307;786/797,4;1;имп;1 кг/ 100 грамм;0;0;1;
Судан IV, чда;No-image.jpg;1;308;786/797,4;1;имп;1 кг/ 100 грамм;0;0;1;
Сульфаниловая кислота, чда ;No-image.jpg;1;309;198/210/240;1;имп;25 кг/ 1 кг/ 100 грамм;0;0;1;
Сульфанол (алкилбензолсульфонат натрия);No-image.jpg;1;310;86,7/90/99;1;имп;Тарное место 20 кг/ 1 кг/ 100 грамм;0;0;1;
Сульфаминовая кислота, хч;No-image.jpg;1;311;198/210;1;Укр;1 кг/ 100 грамм. Фасовка 600 грамм;0;0;1;
Сульфаминовая кислота;No-image.jpg;1;312;36/45/78;1;имп;25 кг/ 1 кг/ 100 грамм;0;0;1;
Сульфарсазен, чда ;No-image.jpg;1;313;39000;1;имп;Цена за 1 кг;0;0;1;
Сульфосалициловая кислота, чда;No-image.jpg;1;314;138/168/180;1;имп;25 кг/ 1 кг/ 100 грамм;0;0;1;
Тальк, фарм;No-image.jpg;1;315;45/60/90;1;имп;25 кг/ 1 кг/ 100 грамм;0;0;1;
Таннин порошок pure DAB 7, FU Ph Helv, USP;No-image.jpg;1;316;648/672/840;1;имп;Цена за кг. 25 кг/ 1 кг/ 100 грамм;0;0;1;
Таурин;No-image.jpg;1;317;228/239,4;1;имп;1 кг/ 100 грамм;0;0;1;
Твин-80;No-image.jpg;1;318;189;1;имп;Цена за кг. Фасовка 1 кг. НЕ ФАСУЕТСЯ;0;0;1;
Тетралин, ч;No-image.jpg;1;319;279;1;имп;Фасовка 1 кг;0;0;1;
Тиамулина фумарат;No-image.jpg;1;320;1150,2;1;имп;Тарное место 30 кг. НЕ ФАСУЕТСЯ. Цена за кг;0;0;1;
Тилозин тартрат;No-image.jpg;1;321;1020;1;имп;Тарное место 20 кг. НЕ ФАСУЕТСЯ. Цена за кг;0;0;1;
Тимол, чда;No-image.jpg;1;322;750/870;1;имп;1 кг/ 100 грамм;0;0;1;
Тимоловый синий (водорастворимый), чда;No-image.jpg;1;323;2706/2714,4;1;имп;1 кг/ 100 грамм;0;0;1;
Тимолфталеин, чда;No-image.jpg;1;324;3000/3660/5100;1;имп;25 кг/ 1 кг/ 100 грамм;0;0;1;
Тринатрийфосфат;No-image.jpg;1;325;84/95,4;1;имп;1 кг/ 100 грамм;0;0;1;
Тиомочевина, тех (Китай);No-image.jpg;1;326;72/84/99;1;имп;25 кг/ 1 кг/ 100 грамм;0;0;1;
Титан (IV) окись (двуокись), чда;No-image.jpg;1;327;126/159;1;имп;1 кг/ 100 грамм;0;0;1;
Треонин (L);No-image.jpg;1;328;696/707,4;1;имп;1 кг/ 100 грамм;0;0;1;
Трилон Б (этилендиамин-N,N,N,N-тетрауксусной кислоты динатриевая соль), ч;No-image.jpg;1;329;126/138/159;1;имп;25 кг/ 1 кг/ 100 грамм;0;0;1;
Триптофан (L), ч;No-image.jpg;1;330;1686/1697,4;1;имп;1 кг/ 100 грамм;0;0;1;
Трифенилтетразолий-2,3,5 хлористый, чда;No-image.jpg;1;331;20700;1;Укр;Цена за 1 кг;0;0;1;
Трихлоруксусная кислота, ч;No-image.jpg;1;332;198/270/330;1;имп;Тарное место 50 кг/ 1 кг/ 100 грамм;0;0;1;
Ультрамарин;No-image.jpg;1;333;156/167,4;1;имп;1 кг/ 100 грамм;0;0;1;
Уротропин, фарм;No-image.jpg;1;334;87/126/150;1;имп;25 кг/ 1 кг/ 100 грамм;0;0;1;
Фенантролин-орто, чда;No-image.jpg;1;335;6906/6917,4;1;имп;1 кг/ 100 грамм;0;0;1;
Фенилаланин-D,L, чда;No-image.jpg;1;336;2106/2117,4;1;имп;1 кг/ 100 грамм;0;0;1;
Фенилгидразин солянокислый, чда;No-image.jpg;1;337;150/210;1;имп;1 кг/ 100 грамм;0;0;1;
Фенилфосфорной кислоты динатриевая соль, чда (натрий фенилфосфат 2-зам);No-image.jpg;1;338;2964/2975,4;1;имп;1 кг/ 100 грамм;0;0;1;
Феноловый красный (инд.), (спирторастворимый) чда;No-image.jpg;1;339;1800/1980;1;имп;1 кг/ 100 грамм;0;0;1;
Феноловый красный (водорастворимый), чда;No-image.jpg;1;340;1800/1980;1;имп;1 кг/ 100 грамм;0;0;1;
Фенолфталеин, чда;No-image.jpg;1;341;450/690;1;имп;1 кг/ 100 грамм;0;0;1;
Фиолетовый К (водорастворимый), чда;No-image.jpg;1;342;420/450/510;1;Россия;25 кг/ 1 кг/ 100 грамм;0;0;1;
Фиолетовый К (спирторастворимый), чда;No-image.jpg;1;343;276/287,4;1;имп;1 кг/ 100 грамм;0;0;1;
Флороглюцин 2-водный, чда;No-image.jpg;1;344;3906/3917,4;1;имп;Цена за кг. 1 кг/ 100 грамм;0;0;1;
Флуоресцеин, ч;No-image.jpg;1;345;840/930;1;имп;1 кг/ 100 грамм;0;0;1;
Флуоресцеин-натрий (уранин), чда;No-image.jpg;1;346;552/600/690;1;имп;25 кг/ 1 кг/ 100 грамм;0;0;1;
Фосфор пятиокись (фосфор (V) окись, фосфорный ангидрид), ч;No-image.jpg;1;347;222/270;1;имп;1 кг/ 100 грамм;0;0;1;
Фосфорномолибденовая кислота, чда;No-image.jpg;1;348;2796/2807,4;1;имп;1 кг/ 100 грамм;0;0;1;
Фруктоза, пищ;No-image.jpg;1;349;61,08/63/90;1;имп;25 кг/ 1 кг/ 100 грамм;0;0;1;
Фуксин кислый, чда;No-image.jpg;1;350;3000/3600;1;имп;1 кг/ 100 грамм;0;0;1;
Фуксин основной для МБЦ, чда;No-image.jpg;1;351;834/930;1;имп;1 кг/ 100 грамм;0;0;1;
Фумаровая кислота (Китай);No-image.jpg;1;352;66/77,4;1;имп;1 кг/ 100 грамм;0;0;1;
Фуразолидон, фарм;No-image.jpg;1;353;399;1;имп;Фасовка 1 кг. НЕ ФАСУЕТСЯ!;0;0;1;
Хлорамин Б;No-image.jpg;1;354;312;1;имп;Фасовка 1 кг. НЕ ФАСУЕТСЯ!;0;0;1;
Хром (III) окись, чда;No-image.jpg;1;355;171/180/219;1;имп;25 кг/ 1 кг/ 100 грамм;0;0;1;
Хромовый ангидрид (хром (VI) окись), чда;No-image.jpg;1;356;;1;имп;Фасовка 1,25 кг. НЕ ФАСУЕТСЯ!;0;0;1;
Хромовый темно-синий, чда;No-image.jpg;1;357;2400/3000;1;имп;1 кг/ 100 грамм;0;0;1;
Хромотроповой кислоты динатриевая соль, 27160, Fluka  ;No-image.jpg;1;358;6606/6617,4;1;имп;Цена за кг. 1 кг/ 100 грамм. беложелтого цвета;0;0;1;
Хромотроповой кислоты динатриевая соль, чда;No-image.jpg;1;359;6606/6617,4;1;имп;1 кг/ 100 грамм.  0,035 кг (серого цвета);0;0;1;
Цетиловый спирт ЭЧ (1-гексадеканол), Мерк;No-image.jpg;1;360;93/99/120;1;имп;Цена за кг. 20 кг/ 1 кг/ 100 грамм;0;0;1;
Цинк азотнокислый, ч;No-image.jpg;1;361;99/108/126;1;имп;40 кг/ 1 кг/ 100 грамм;0;0;1;
Цинк гранулированный, ч;No-image.jpg;1;362;192/252;1;имп;1 кг/ 100 грамм;0;0;1;
Цинк окись, ч ;No-image.jpg;1;363;63/87;1;Укр;1 кг/ 100 грамм;0;0;1;
Цинк сернокислый 7-водный, чда;No-image.jpg;1;364;147/168/198;1;имп;25 кг/ 1 кг/ 100 грамм;0;0;1;
Цинк уксуснокислый 2-водный, чда;No-image.jpg;1;365;390/420/450;1;имп;Тарное место/ 1 кг/ 100 грамм;0;0;1;
Цинк хлористый, хч;No-image.jpg;1;366;180/240;1;имп;Фасуется. 1 кг/ 100 грамм;0;0;1;
Цинк хлористый, ч, тех;No-image.jpg;1;367;39/72/99;1;имп;25 кг/1 кг/ 100 грамм;0;0;1;
Цистеин гидрохлорид (L), ч;No-image.jpg;1;368;906/917,4;1;имп;1 кг/ 100 грамм;0;0;1;
Цистин (L), ч;No-image.jpg;1;369;789/1570;1;имп;1 кг/ 100 грамм;0;0;1;
Четыреххлористый углерод, чда;No-image.jpg;1;370;348;1;имп;Фасовка 1,6 кг;0;0;1;
Щавелевая кислота, тех;No-image.jpg;1;371;39/87/99;1;имп;25 кг/ 1 кг/ 100 грамм;0;0;1;
Эозин БА, чда;No-image.jpg;1;372;5400/5700;1;имп;1 кг/ 100 грамм;0;0;1;
Эозин К, чда;No-image.jpg;1;373;4200/4500;1;"Укр;имп";1 кг/ 100 грамм. Фасовка 50 грамм;0;0;1
Эозин Н, чда;No-image.jpg;1;374;990/1770/1890;1;имп;25 кг/ 1 кг/ 100 грамм;0;0;1;
Эриохром черный, чда;No-image.jpg;1;375;1680/1800;1;имп;"1 кг/ 100 грамм. Фасовка по 1 кг (фасуется); 50 грамм. ";0;0;1
Этил бромистый, чда;No-image.jpg;1;376;270;1;имп;Цена за кг;0;0;1;
Янтарная кислота, хч;No-image.jpg;1;377;89,4/102/144;1;имп;25 кг/1 кг/100 грамм;0;0;1;
